comment_id,task_id,user_id,comment,update_datetime
1,2,admin,コメント,2023/08/21 17:09:00
2,1,admin,コメントコメント,2023/08/21 17:09:00
3,1,admin,コメントコメントコメント,2023/08/21 17:09:00
4,1,admin,コメントコメントコメントコメント,2023/08/21 17:09:00
5,2,admin,コメントコメントコメントコメントコメント,2023/08/21 17:09:00
6,2,admin,コメントコメントコメントコメントコメントコメント,2023/08/21 17:09:00
7,2,admin,コメントコメントコメントコメントコメントコメントコメント,2023/08/21 17:09:00
8,1,admin,コメントコメントコメントコメントコメントコメントコメントコメント,2023/08/21 17:09:00
9,2,admin,コメントコメントコメントコメントコメントコメントコメントコメントコメント,2023/08/21 17:09:00
10,2,admin,コメントコメントコメントコメントコメントコメントコメントコメントコメントコメント,2023/08/21 17:09:00
11,1,admin,コメント1,2023/08/21 17:09:00
12,1,admin,コメント2,2023/08/21 17:09:00
13,1,admin,コメント3,2023/08/21 17:09:00
14,2,admin,コメント4,2023/08/21 17:09:00
15,2,admin,コメント5,2023/08/21 17:09:00
16,1,admin,コメント6,2023/08/21 17:09:00
